-- CREATE DATABASE `ecommerce` /*!40100 DEFAULT CHARACTER SET utf8mb4 COLLATE utf8mb4_0900_ai_ci */ /*!80016 DEFAULT ENCRYPTION='N' */;

SET FOREIGN_KEY_CHECKS=0;

-- ecommerce.Customer definition

DROP TABLE IF EXISTS `Customer`;

CREATE TABLE `Customer` (
  `id` int NOT NULL AUTO_INCREMENT,
  `name` varchar(251) NOT NULL,
  `phone` varchar(20) DEFAULT NULL,
  `email` varchar(155) DEFAULT NULL,
  PRIMARY KEY (`id`)
) ENGINE=InnoDB DEFAULT CHARSET=utf8mb4 COLLATE=utf8mb4_0900_ai_ci;

INSERT INTO `Customer` (`id`, `name`, `phone`, `email`) 
VALUES 
    (1, 'Consalve Minguet', '(181) 7973195', 'cminguet0@harvard.edu'),
    (2, 'Hildegaard Abramowsky', '(698) 5460447', 'habramowsky1@imdb.com'),
    (3, 'Zea Milburn', '(891) 8529881', 'zmilburn2@google.pl'),
    (4, 'Henriette Friett', '(932) 5884547', 'hfriett3@ca.gov'),
    (5, 'Addy Seccombe', '(251) 9906647', 'aseccombe4@themeforest.net'),
    (6, 'Thaddus Vescovini', '(622) 3737464', 'tvescovini5@vk.com'),
    (7, 'Paige Golborne', '(336) 8891075', 'pgolborne6@sfgate.com'),
    (8, 'Toiboid Wogdon', '(104) 8246973', 'twogdon7@japanpost.jp'),
    (9, 'Hyacinth Broggetti', '(971) 6334710', 'hbroggetti8@vistaprint.com'),
    (10, 'Rachelle Baltzar', '(822) 3430335', 'rbaltzar9@umn.edu'),
    (11, 'Corny Musicka', '(695) 4508256', 'cmusickaa@ustream.tv'),
    (12, 'Jerrie Lean', '(536) 3042546', 'jleanb@cbc.ca'),
    (13, 'Gusty Ariss', '(660) 2568494', 'garissc@columbia.edu'),
    (14, 'Augie Eriksson', '(684) 9666644', 'aerikssond@addtoany.com'),
    (15, 'Paige Abrahmer', '(779) 7023447', 'pabrahmere@dot.gov'),
    (16, 'Ilyse Clubbe', '(835) 8720755', 'iclubbef@storify.com'),
    (17, 'Davina Barsham', '(252) 4215190', 'dbarshamg@twitter.com'),
    (18, 'Odette Evered', '(960) 9144373', 'oeveredh@huffingtonpost.com'),
    (19, 'Andonis Tippin', '(661) 3470111', 'atippini@statcounter.com'),
    (20, 'Walker Howsden', '(414) 6553692', 'whowsdenj@miibeian.gov.cn'),
    (21, 'Eberto Mease', '(737) 7987970', 'emeasek@ted.com'),
    (22, 'Patsy McKinless', '(800) 6878142', 'pmckinlessl@ftc.gov'),
    (23, 'Balduin Sauvan', '(456) 7707050', 'bsauvanm@stumbleupon.com'),
    (24, 'Blaine Dalrymple', '(752) 5413630', 'bdalrymplen@disqus.com'),
    (25, 'Jess Jepps', '(929) 8525875', 'jjeppso@webs.com'),
    (26, 'Darcie Speir', '(314) 5892203', 'dspeirp@mysql.com'),
    (27, 'Isidro Ranald', '(989) 9647988', 'iranaldq@walmart.com'),
    (28, 'Nicolais Doog', '(205) 6578633', 'ndoogr@php.net'),
    (29, 'Arnie Klewi', '(932) 3624348', 'aklewis@craigslist.org'),
    (30, 'Inesita Reede', '(288) 1372614', 'ireedet@icq.com'),
    (31, 'Jozef Comini', '(815) 2897203', 'jcominiu@addtoany.com'),
    (32, 'Barth Carlyle', '(487) 1250007', 'bcarlylev@cbc.ca'),
    (33, 'Miguel Sallans', '(745) 4988514', 'msallansw@ask.com'),
    (34, 'Sashenka Dehmel', '(711) 9100831', 'sdehmelx@yandex.ru'),
    (35, 'Godfry Jillitt', '(291) 1557024', 'gjillitty@mail.ru'),
    (36, 'Jaine Jacox', '(210) 6961212', 'jjacoxz@pen.io'),
    (37, 'Jewelle Gopsell', '(112) 4985129', 'jgopsell10@patch.com'),
    (38, 'Eadie Swaffield', '(420) 6207590', 'eswaffield11@scribd.com'),
    (39, 'Petronia Melarkey', '(401) 5197235', 'pmelarkey12@ning.com'),
    (40, 'Flemming Sabathier', '(337) 4460370', 'fsabathier13@marriott.com'),
    (41, 'Felipe Verrechia', '(635) 1379522', 'fverrechia14@cyberchimps.com'),
    (42, 'Filberte Nulty', '(834) 8937079', 'fnulty15@china.com.cn'),
    (43, 'Bessie Kleiser', '(491) 3547073', 'bkleiser16@ox.ac.uk'),
    (44, 'Gare Fendley', '(193) 2700990', 'gfendley17@cpanel.net'),
    (45, 'Katti Lindsell', '(542) 6679687', 'klindsell18@bloglovin.com'),
    (46, 'Selestina Sheavills', '(227) 6658227', 'ssheavills19@google.co.uk'),
    (47, 'Rasia Whitter', '(828) 6825844', 'rwhitter1a@i2i.jp'),
    (48, 'Matilda Barnwall', '(745) 1228984', 'mbarnwall1b@gnu.org'),
    (49, 'Carney McCuaig', '(866) 9048221', 'cmccuaig1c@addthis.com'),
    (50, 'Noe Olanda', '(628) 8472474', 'nolanda1d@china.com.cn'),
    (51, 'Daryl Steels', '(323) 4985345', 'dsteels1e@youtu.be'),
    (52, 'Renaldo Metzig', '(683) 1266593', 'rmetzig1f@cornell.edu'),
    (53, 'Camella Dartnall', '(277) 1563650', 'cdartnall1g@irs.gov'),
    (54, 'Amelia Shrigley', '(141) 6560394', 'ashrigley1h@tumblr.com'),
    (55, 'Terri Aves', '(819) 3915873', 'taves1i@twitpic.com'),
    (56, 'Blondy Mc Curlye', '(906) 2765813', 'bmc1j@google.com'),
    (57, 'Ysabel Joyner', '(535) 2415880', 'yjoyner1k@theatlantic.com'),
    (58, 'Kaia Pickford', '(470) 8359167', 'kpickford1l@census.gov'),
    (59, 'Marijo Arsnell', '(639) 6125629', 'marsnell1m@prlog.org'),
    (60, 'Eudora Amyes', '(376) 2193023', 'eamyes1n@uol.com.br'),
    (61, 'Myrlene Corradino', '(688) 7635274', 'mcorradino1o@miitbeian.gov.cn'),
    (62, 'Bernard Hillyatt', '(578) 9969012', 'bhillyatt1p@cbslocal.com'),
    (63, 'Jack Najera', '(808) 4884437', 'jnajera1q@mac.com'),
    (64, 'Arlie Millberg', '(967) 9460432', 'amillberg1r@mayoclinic.com'),
    (65, 'Tuckie Graeme', '(796) 9020364', 'tgraeme1s@bandcamp.com'),
    (66, 'Cal Meriot', '(368) 4140683', 'cmeriot1t@themeforest.net'),
    (67, 'Corrina Klamp', '(369) 5889659', 'cklamp1u@adobe.com'),
    (68, 'Dareen Bealton', '(464) 2562511', 'dbealton1v@sciencedirect.com'),
    (69, 'Harry Malbon', '(781) 8239185', 'hmalbon1w@twitpic.com'),
    (70, 'Salim Illston', '(100) 5351399', 'sillston1x@bbc.co.uk'),
    (71, 'Smitty Cadd', '(642) 5810722', 'scadd1y@ftc.gov'),
    (72, 'Leena Flahive', '(860) 2377375', 'lflahive1z@accuweather.com'),
    (73, 'Arther Courcey', '(330) 4148471', 'acourcey20@nyu.edu'),
    (74, 'Niki Riceards', '(159) 2061242', 'nriceards21@vistaprint.com'),
    (75, 'Verina MacNulty', '(952) 4387083', 'vmacnulty22@google.com'),
    (76, 'Marybelle Schinetti', '(514) 1541110', 'mschinetti23@businesswire.com'),
    (77, 'Forbes McGavigan', '(969) 6243044', 'fmcgavigan24@list-manage.com'),
    (78, 'Ansell Maddicks', '(421) 2693499', 'amaddicks25@amazon.co.jp'),
    (79, 'Connor Ginity', '(308) 8691131', 'cginity26@tripadvisor.com'),
    (80, 'Dorri Raiker', '(416) 9111012', 'draiker27@census.gov'),
    (81, 'Iorgo Wiskar', '(773) 5260044', 'iwiskar28@ihg.com'),
    (82, 'Winny O''Hannen', '(480) 9881740', 'wohannen29@fc2.com'),
    (83, 'Staford Wallis', '(812) 9107663', 'swallis2a@tripod.com'),
    (84, 'Maitilde Slaney', '(792) 8976999', 'mslaney2b@ow.ly'),
    (85, 'Sherlocke Martinovsky', '(212) 6182546', 'smartinovsky2c@ycombinator.com'),
    (86, 'Dre Aris', '(139) 4824667', 'daris2d@reuters.com'),
    (87, 'Sibylle McGrory', '(480) 6779206', 'smcgrory2e@msn.com'),
    (88, 'Barrett Minci', '(338) 5607608', 'bminci2f@wired.com'),
    (89, 'Miguela Billison', '(131) 6751278', 'mbillison2g@google.com.hk'),
    (90, 'Natalie Connah', '(365) 8698704', 'nconnah2h@spiegel.de'),
    (91, 'Eddie Schwaiger', '(497) 4068426', 'eschwaiger2i@macromedia.com'),
    (92, 'Cyrillus Abbs', '(998) 6222837', 'cabbs2j@sphinn.com'),
    (93, 'Israel Brodnecke', '(503) 5480364', 'ibrodnecke2k@marketwatch.com'),
    (94, 'Milty Cridlon', '(195) 7840017', 'mcridlon2l@1und1.de'),
    (95, 'Percy Labusch', '(253) 7449408', 'plabusch2m@imageshack.us'),
    (96, 'Benny Beiderbeck', '(267) 1678077', 'bbeiderbeck2n@yandex.ru'),
    (97, 'Eduard Jiroutek', '(865) 3510041', 'ejiroutek2o@bloglines.com'),
    (98, 'Cirstoforo Beidebeke', '(864) 2523729', 'cbeidebeke2p@illinois.edu'),
    (99, 'Lenard Endon', '(572) 8258115', 'lendon2q@bloomberg.com'),
    (100, 'Con Curness', '(260) 5213687', 'ccurness2r@walmart.com');

-- -- ecommerce.Address definition

DROP TABLE IF EXISTS `Address`;

CREATE TABLE `Address` (
  `id` int NOT NULL AUTO_INCREMENT,
  `customer_id` int NOT NULL,
  `alias` varchar(100) DEFAULT NULL,
  `default_flag` char(1) DEFAULT NULL,
  `address` varchar(200) NOT NULL,
  `district` varchar(100) NOT NULL,
  `city` varchar(100) NOT NULL,
  `postal_code` varchar(20) NOT NULL,
  `last_update` varchar(100) DEFAULT NULL,
  PRIMARY KEY (`id`),
  KEY `Address_FK` (`customer_id`),
  CONSTRAINT `Address_FK` FOREIGN KEY (`customer_id`) REFERENCES `Customer` (`id`)
) ENGINE=InnoDB DEFAULT CHARSET=utf8mb4 COLLATE=utf8mb4_0900_ai_ci;

INSERT INTO `Address` (`id`, `customer_id`, `alias`, `default_flag`, `address`, `district`, `city`, `postal_code`, `last_update`) 
VALUES 
    (1, 10, 'ecrewdson0', 'Y', '344 Dryden Parkway', 'Mizur', 'test', '363220', '2021-09-27 18:35:20'),
    (2, 71, 'bdegregoli1', 'N', '68 Helena Court', 'Agrelo', 'Braga', '4730-300', '2021-08-29 16:32:26'),
    (3, 4, 'mbachelar2', 'Y', '675 Pierstorff Lane', 'Oganlima', 'test', 'test', '2021-05-11 00:04:44'),
    (4, 3, 'gkilpin3', 'Y', '93167 Luster Parkway', 'Santa Lucia', 'test', '2712', '2021-08-30 10:31:52'),
    (5, 85, 'rfeaks4', 'N', '59664 Arrowood Junction', 'Marulanda', 'test', '173007', '2021-07-25 05:18:20'),
    (6, 34, 'kpizey5', 'N', '12849 Brentwood Trail', 'Caopie', 'test', 'test', '2021-04-14 14:55:38'),
    (7, 23, 'bbraitling6', 'N', '09 School Alley', 'Yonkers', 'New York', '10705', '2022-02-13 00:04:55'),
    (8, 27, 'svarndell7', 'Y', '325 Springview Street', 'Lameiro', 'Leiria', '2425-317', '2021-09-29 07:52:48'),
    (9, 44, 'rsaunton8', 'Y', '0619 Dryden Street', 'Tullich', 'Scotland', 'AB55', '2021-11-16 01:52:46'),
    (10, 65, 'bwogdon9', 'N', '4 Nova Lane', 'Mar’ina Roshcha', 'test', '901993', '2021-11-23 16:35:31'),
    (11, 37, 'odibartolomeoa', 'N', '78255 Delladonna Center', 'Yeping', 'test', 'test', '2021-12-11 19:43:17'),
    (12, 22, 'rpinockb', 'N', '35 Heffernan Street', 'Ciawitali', 'test', 'test', '2022-01-18 06:12:27'),
    (13, 29, 'ginworthc', 'N', '68393 Orin Lane', 'Profítis Ilías', 'test', 'test', '2021-07-24 13:04:53'),
    (14, 87, 'jrhoadesd', 'Y', '9472 Almo Park', 'Fukuoka-shi', 'test', '816-0097', '2022-04-08 03:14:51'),
    (15, 35, 'litzkoviche', 'N', '3532 Banding Court', 'Olonets', 'test', '186000', '2021-12-16 16:48:56'),
    (16, 75, 'dhaynesf', 'N', '0 Anzinger Parkway', 'Jiangkou', 'test', 'test', '2021-07-27 18:29:16'),
    (17, 40, 'dfarreyg', 'Y', '451 Kim Center', 'Bonneuil-sur-Marne', 'Île-de-France', '94865 CEDEX', '2021-10-13 18:46:08'),
    (18, 13, 'mankersh', 'Y', '599 Hallows Drive', 'Staryy Krym', 'test', 'test', '2021-12-26 02:36:51'),
    (19, 89, 'rcockreni', 'Y', '28946 Swallow Park', 'Touho', 'test', '98831', '2021-05-19 20:49:19'),
    (20, 20, 'fbeathemj', 'N', '84806 Mandrake Road', 'Vedène', 'Provence-Alpes-Côte d''Azur', '84274 CEDEX', '2022-01-21 05:14:30'),
    (21, 31, 'bwickwarthk', 'Y', '2562 Hazelcrest Hill', 'Nanga Eboko', 'test', 'test', '2021-07-15 23:46:34'),
    (22, 51, 'mstanwixl', 'N', '86 Gale Point', 'Leuweheq', 'test', 'test', '2022-03-28 00:15:30'),
    (23, 26, 'pheaterm', 'N', '7787 North Terrace', 'Kham Sakae Saeng', 'test', '30290', '2021-10-28 03:14:27'),
    (24, 49, 'ecominin', 'Y', '3 Hermina Lane', 'Herne', 'Nordrhein-Westfalen', '44629', '2021-08-29 11:34:52'),
    (25, 25, 'lcrankshawo', 'N', '23340 Pankratz Pass', 'Tulsīpur', 'test', 'test', '2021-09-19 02:03:16'),
    (26, 74, 'dsankeyp', 'Y', '4934 Waywood Terrace', 'Dundee', 'test', '3081', '2021-08-30 02:53:50'),
    (27, 16, 'mdomesdayq', 'N', '7 Ridgeview Circle', 'Borlänge', 'Dalarna', '781 81', '2021-11-04 14:29:28'),
    (28, 41, 'vgrinterr', 'Y', '3709 Petterle Alley', 'Pandasan', 'test', '3714', '2022-03-09 13:00:21'),
    (29, 30, 'fpauluzzis', 'N', '1986 Rigney Court', 'Valleymount', 'test', 'A83', '2021-11-11 08:46:25'),
    (30, 48, 'evonderemptent', 'Y', '8116 Redwing Place', 'Zhijin', 'test', 'test', '2021-06-24 16:34:41'),
    (31, 63, 'agraveyu', 'Y', '5101 Melody Lane', 'Chengzhai', 'test', 'test', '2022-02-14 15:14:04'),
    (32, 99, 'tskatesv', 'N', '2 Harbort Street', 'Russas', 'test', '62900-000', '2021-07-28 09:28:46'),
    (33, 14, 'jdakhovw', 'N', '35 Marquette Center', 'Kaulon', 'test', 'test', '2021-08-23 10:00:18'),
    (34, 19, 'vdarellx', 'Y', '3 Maryland Street', 'Rizómilos', 'test', 'test', '2022-03-22 12:43:33'),
    (35, 92, 'hvalentiny', 'N', '7632 Springs Crossing', 'Kipushi', 'test', 'test', '2021-06-22 03:11:20'),
    (36, 36, 'vgladebeckz', 'N', '572 Artisan Hill', 'Providencia', 'test', 'test', '2021-09-04 05:37:59'),
    (37, 78, 'jphillcock10', 'N', '32 Kedzie Terrace', 'Vishnyakovskiye Dachi', 'test', '142461', '2021-10-07 13:17:31'),
    (38, 100, 'adearnley11', 'N', '4270 Old Gate Drive', 'San José de Ocoa', 'test', '11809', '2021-12-22 21:03:45'),
    (39, 98, 'fwadlow12', 'Y', '8764 Londonderry Crossing', 'Bang Lamung', 'test', '20150', '2022-04-01 15:31:34'),
    (40, 28, 'mlegrave13', 'N', '865 Menomonie Drive', 'Bela Vista', 'test', '79260-000', '2021-10-30 01:12:37'),
    (41, 62, 'mminger14', 'Y', '0921 North Drive', 'Almolonga', 'test', '09013', '2021-11-13 02:52:48'),
    (42, 61, 'ssedgefield15', 'Y', '12483 Lindbergh Avenue', 'Aykol', 'test', 'test', '2021-12-09 15:08:29'),
    (43, 73, 'amelvin16', 'N', '644 Anderson Drive', 'Basco', 'test', '3900', '2021-08-27 13:49:24'),
    (44, 43, 'sdefty17', 'N', '29 Continental Park', 'Marseille', 'Provence-Alpes-Côte d''Azur', '13281 CEDEX 06', '2021-09-16 06:11:03'),
    (45, 54, 'hchritchlow18', 'N', '818 Emmet Alley', 'Kuhmalahti', 'test', '36810', '2021-10-16 19:21:58'),
    (46, 18, 'schittock19', 'N', '56247 Sachtjen Center', 'Carnaxide', 'Lisboa', '2790-009', '2021-08-10 13:10:15'),
    (47, 67, 'bcamili1a', 'Y', '95873 Granby Park', 'Hwasun', 'test', 'test', '2021-10-18 12:35:05'),
    (48, 24, 'mlinggood1b', 'N', '05419 Oak Street', 'Yunji', 'test', 'test', '2021-10-19 22:40:55'),
    (49, 66, 'gchong1c', 'Y', '26 Grover Pass', 'Xianyan', 'test', 'test', '2021-05-30 15:27:24'),
    (50, 5, 'hbaxill1d', 'N', '37 Spohn Plaza', 'Loudun', 'Poitou-Charentes', '86206 CEDEX', '2021-12-31 15:48:31'),
    (51, 77, 'pkretchmer1e', 'N', '33 Jay Lane', 'Viangxai', 'test', 'test', '2021-08-11 05:22:51'),
    (52, 32, 'ibowkley1f', 'Y', '92660 Vidon Place', 'Zavolzh’ye', 'test', '606525', '2022-01-27 03:31:20'),
    (53, 1, 'jdockerty1g', 'N', '837 Evergreen Hill', 'Kentongan', 'test', 'test', '2021-08-16 23:31:52'),
    (54, 47, 'psetch1h', 'Y', '84 East Pass', 'Santana', 'test', '47700-000', '2021-10-30 23:35:53'),
    (55, 39, 'bkubacki1i', 'Y', '855 Dakota Plaza', 'Terra Chã', 'Ilha Terceira', '9700-685', '2022-04-06 11:14:21'),
    (56, 84, 'cgaskin1j', 'N', '557 Glacier Hill Plaza', 'Methven', 'test', '7745', '2021-04-13 04:33:36'),
    (57, 95, 'sstroder1k', 'N', '735 Iowa Avenue', 'Bedford', 'Québec', 'J6W', '2021-11-20 22:17:51'),
    (58, 83, 'dkondratenya1l', 'N', '9 Londonderry Drive', 'Verkhnyaya Khava', 'test', '396113', '2021-11-18 01:45:03'),
    (59, 45, 'rgrigs1m', 'N', '7129 Lakewood Center', 'Wringinputih', 'test', 'test', '2021-10-08 04:35:25'),
    (60, 2, 'kmaccurtain1n', 'Y', '8007 Huxley Road', 'Guimarei', 'Porto', '4825-171', '2021-07-02 20:27:34'),
    (61, 50, 'tkeepe1o', 'N', '1 Lindbergh Junction', 'Slobidka', 'test', 'test', '2022-03-17 03:05:15'),
    (62, 96, 'kbaber1p', 'Y', '78 Cherokee Terrace', 'Lampa', 'test', 'test', '2021-07-17 03:23:41'),
    (63, 76, 'okipling1q', 'N', '1854 Steensland Center', 'Kortesjärvi', 'test', '62421', '2021-09-17 18:21:56'),
    (64, 64, 'aedelman1r', 'Y', '7680 Lien Way', 'Buaran', 'test', 'test', '2021-08-07 17:18:25'),
    (65, 7, 'cmcvie1s', 'Y', '0617 Red Cloud Pass', 'Bentar Girang', 'test', 'test', '2021-12-12 12:27:16'),
    (66, 59, 'lobbard1t', 'Y', '70790 Norway Maple Terrace', 'Guimba', 'test', '3115', '2022-02-02 23:37:06'),
    (67, 80, 'fempringham1u', 'N', '59 Village Green Street', 'Juru', 'test', '58750-000', '2021-09-18 13:52:24'),
    (68, 21, 'sglitherow1v', 'Y', '4907 Glendale Plaza', 'Banho e Carvalhosa', 'Porto', '4635-005', '2022-01-22 21:53:57'),
    (69, 97, 'jison1w', 'N', '303 Thackeray Center', 'Broumov', 'test', '550 01', '2022-01-29 06:37:06'),
    (70, 58, 'eappleyard1x', 'N', '37 Hoepker Point', 'Savyon', 'test', 'test', '2021-06-28 06:39:25'),
    (71, 46, 'mmaccartney1y', 'Y', '1298 Delaware Terrace', 'Dazhigu', 'test', 'test', '2022-02-24 03:03:12'),
    (72, 90, 'syerrill1z', 'Y', '35 Dovetail Trail', 'Huayllabamba', 'test', 'test', '2021-07-23 17:04:32'),
    (73, 60, 'gboken20', 'N', '25 Schiller Point', 'Estrada', 'Braga', '4755-046', '2021-05-25 00:02:38'),
    (74, 91, 'cteal21', 'Y', '338 Daystar Junction', 'Guandi', 'test', 'test', '2021-07-22 17:19:58'),
    (75, 12, 'ckindleside22', 'N', '337 Sachtjen Lane', 'Zhumadian', 'test', 'test', '2021-08-14 18:54:35'),
    (76, 17, 'bhaverson23', 'Y', '35803 Gulseth Point', 'Tawali', 'test', 'test', '2021-11-26 21:08:11'),
    (77, 82, 'adunphy24', 'Y', '2069 Division Crossing', 'Laagri', 'test', 'test', '2021-11-23 06:42:35'),
    (78, 70, 'hnoone25', 'Y', '26340 Autumn Leaf Avenue', 'Kuala Lumpur', 'Kuala Lumpur', '50700', '2021-11-01 07:05:53'),
    (79, 57, 'ogrishakov26', 'N', '9 Prairie Rose Way', 'Kuala Lumpur', 'Kuala Lumpur', '50592', '2022-02-26 23:18:35'),
    (80, 33, 'rhatliffe27', 'N', '314 Atwood Plaza', 'Monte de Fralães', 'Braga', '4775-174', '2022-02-27 16:14:00'),
    (81, 88, 'oboyack28', 'Y', '0581 Mandrake Center', 'Sho’rchi', 'test', 'test', '2021-10-07 06:15:58'),
    (82, 9, 'twickey29', 'N', '63 La Follette Crossing', 'Erenhot', 'test', 'test', '2021-07-18 18:22:00'),
    (83, 42, 'dkunzler2a', 'N', '972 Vera Hill', 'Talisay', 'test', '4602', '2021-09-05 17:52:53'),
    (84, 94, 'hmactrustrie2b', 'Y', '305 Corben Center', 'São Luís do Quitunde', 'test', '57920-000', '2022-04-10 20:51:34'),
    (85, 55, 'relloy2c', 'N', '9 Fairview Road', 'Kōnan', 'test', '491-0817', '2021-05-03 04:32:53'),
    (86, 81, 'mmee2d', 'Y', '4 Karstens Hill', 'Zhoujia', 'test', 'test', '2021-05-07 20:47:40'),
    (87, 38, 'jklageman2e', 'Y', '342 Kingsford Park', 'Longtanhe', 'test', 'test', '2021-09-03 09:00:46'),
    (88, 11, 'meirwin2f', 'N', '4534 Cascade Crossing', 'Nowy Dwór Mazowiecki', 'test', '05-160', '2021-09-21 20:49:06'),
    (89, 52, 'dfaier2g', 'Y', '7760 High Crossing Street', 'Quşrah', 'test', 'test', '2021-06-14 19:27:50'),
    (90, 53, 'nferrand2h', 'Y', '3664 Browning Hill', 'Żarki-Letnisko', 'test', '42-311', '2021-11-07 16:46:53'),
    (91, 6, 'cgonoude2i', 'Y', '2221 Ludington Crossing', 'São João das Lampas', 'Lisboa', '2705-785', '2021-05-02 09:36:13'),
    (92, 56, 'jemanuele2j', 'Y', '31801 Donald Pass', 'Tembang', 'test', 'test', '2021-12-03 08:47:17'),
    (93, 8, 'isoltan2k', 'Y', '06 Starling Road', 'Tambaksari', 'test', 'test', '2022-02-14 21:39:21'),
    (94, 68, 'alornsen2l', 'Y', '62 Wayridge Junction', 'Kvänum', 'Västra Götaland', '535 91', '2021-07-16 00:08:38'),
    (95, 69, 'lgawen2m', 'N', '14080 Kensington Hill', 'Sumberngerjat', 'test', 'test', '2021-12-10 04:18:40'),
    (96, 72, 'mreichartz2n', 'Y', '82 Starling Center', 'Igrejinha', 'test', '95650-000', '2021-08-19 21:56:08'),
    (97, 86, 'fchalice2o', 'Y', '6 Alpine Road', 'Wuda', 'test', 'test', '2021-10-24 16:02:13'),
    (98, 93, 'jvoce2p', 'Y', '3 Washington Point', 'Barg-e Matāl', 'test', 'test', '2021-11-23 23:39:10'),
    (99, 79, 'ddudson2q', 'Y', '574 Northfield Pass', 'Jiucheng', 'test', 'test', '2022-04-04 21:43:49'),
    (100, 15, 'jgilstoun2r', 'Y', '5 Talisman Place', 'Jindong', 'test', 'test', '2021-11-16 09:00:17'),
    (101, 77, 'acowderay2s', 'N', '7720 Bartelt Hill', 'Trinity Ville', 'test', 'test', '2021-12-09 02:09:44'),
    (102, 30, 'kboase2t', 'N', '220 Blaine Junction', 'Burayevo', 'test', '452960', '2021-04-18 09:55:30'),
    (103, 91, 'cavramovic2u', 'Y', '9 Onsgard Hill', 'Tolitoli', 'test', 'test', '2021-05-23 20:44:35'),
    (104, 78, 'lodyvoy2v', 'Y', '93292 Lukken Place', 'Longfeng', 'test', 'test', '2022-01-08 11:53:01'),
    (105, 49, 'dlundbeck2w', 'Y', '69 Dorton Way', 'Shangyang', 'test', 'test', '2021-08-10 01:39:30'),
    (106, 46, 'pmerrell2x', 'N', '728 Glendale Place', 'Chernigovka', 'test', '692385', '2022-01-26 04:21:29'),
    (107, 94, 'ktompion2y', 'N', '4161 Hauk Way', 'Järna', 'Stockholm', '153 31', '2021-05-14 08:45:08'),
    (108, 17, 'rshawyers2z', 'Y', '2840 Montana Drive', 'Datong', 'test', 'test', '2021-06-28 13:05:58'),
    (109, 88, 'gstonhouse30', 'Y', '0 Daystar Street', 'Landskrona', 'Skåne', '261 91', '2021-08-09 22:22:44'),
    (110, 22, 'mhabble31', 'Y', '84062 Lighthouse Bay Circle', 'Kiukainen', 'test', '27401', '2021-08-01 08:41:39'),
    (111, 33, 'rreoch32', 'Y', '5 Johnson Court', 'San Juan', 'Pr', '00918', '2021-04-17 04:23:48'),
    (112, 25, 'kbradneck33', 'N', '41 Red Cloud Avenue', 'Nanyang', 'test', 'test', '2022-03-01 18:14:10'),
    (113, 20, 'ttubbs34', 'Y', '47187 Cherokee Court', 'Stockholm', 'Stockholm', '105 22', '2021-08-11 05:34:49'),
    (114, 62, 'fcardis35', 'Y', '55 Birchwood Parkway', 'Tlumach', 'test', 'test', '2021-07-01 14:12:55'),
    (115, 32, 'gmathou36', 'N', '14529 Coleman Way', 'Funtua', 'test', 'test', '2021-09-29 20:32:37'),
    (116, 72, 'apluthero37', 'N', '869 Veith Circle', 'Changping', 'test', 'test', '2021-08-16 04:40:58'),
    (117, 19, 'rhanselmann38', 'N', '35 Park Meadow Plaza', 'Naschel', 'test', '5759', '2021-04-23 21:04:00'),
    (118, 24, 'mrablan39', 'Y', '81 Ridge Oak Parkway', 'Kudang', 'test', 'test', '2022-03-11 12:41:19'),
    (119, 86, 'mwadsworth3a', 'Y', '0493 Cottonwood Pass', 'Munde', 'test', 'test', '2021-12-03 17:06:50'),
    (120, 28, 'bmacgoun3b', 'Y', '2645 John Wall Pass', 'Wololele A', 'test', 'test', '2021-12-08 13:19:31'),
    (121, 15, 'cgiao3c', 'Y', '041 Charing Cross Parkway', 'Jijiazhuang', 'test', 'test', '2021-05-25 14:29:05'),
    (122, 73, 'gjakubovicz3d', 'N', '95 Hoard Junction', 'Upper San Mateo', 'test', '9406', '2021-10-26 22:08:24'),
    (123, 95, 'rtetlow3e', 'N', '63 Donald Drive', 'Sukomulyo', 'test', 'test', '2021-06-01 00:23:00'),
    (124, 13, 'ffarlowe3f', 'Y', '10449 Barby Parkway', 'Belén', 'test', 'test', '2021-10-28 08:09:06'),
    (125, 60, 'jdanelet3g', 'N', '6273 Fremont Junction', 'Newark', 'Delaware', '19725', '2022-02-21 16:46:40'),
    (126, 71, 'cwellum3h', 'N', '4 Burrows Road', 'Samho-rodongjagu', 'test', 'test', '2022-03-12 01:03:33'),
    (127, 55, 'hahlin3i', 'N', '10 Manley Point', 'Vilares', 'Porto', '4745-358', '2021-08-16 22:39:58'),
    (128, 59, 'kenochsson3j', 'N', '033 Manufacturers Drive', 'Stockholm', 'Stockholm', '118 65', '2021-07-05 10:43:16'),
    (129, 87, 'fbramham3k', 'N', '8 Hansons Point', 'Krajan Tengah', 'test', 'test', '2021-05-20 09:33:16'),
    (130, 51, 'mlukasik3l', 'N', '98825 Pepper Wood Park', 'Qasr Abu Hadi', 'test', 'test', '2022-01-27 17:49:45'),
    (131, 26, 'cmallender3m', 'Y', '30802 Quincy Park', 'Dimitrov', 'test', 'test', '2021-06-21 10:38:47'),
    (132, 31, 'jratie3n', 'Y', '14503 Dahle Street', 'Gampingan', 'test', 'test', '2021-08-18 13:56:19'),
    (133, 85, 'mwreak3o', 'N', '88063 Thackeray Center', 'Al ‘Ayzarīyah', 'test', 'test', '2021-05-17 12:32:53'),
    (134, 67, 'lhovington3p', 'Y', '6970 Badeau Alley', 'Chengkan', 'test', 'test', '2021-11-27 20:56:37'),
    (135, 100, 'gglasscock3q', 'N', '155 Hovde Alley', 'Donggaocun', 'test', 'test', '2021-06-09 23:09:36'),
    (136, 38, 'wtorri3r', 'Y', '9711 Sage Way', 'Chenzhou', 'test', 'test', '2022-03-21 17:11:36'),
    (137, 69, 'mcoushe3s', 'N', '799 Westerfield Center', 'Santo Domingo', 'test', '4508', '2021-09-27 20:32:30'),
    (138, 14, 'mkemmer3t', 'N', '41214 Saint Paul Place', 'Xianzong', 'test', 'test', '2021-04-29 18:40:46'),
    (139, 57, 'avasyutichev3u', 'Y', '74696 Washington Alley', 'Moravský Krumlov', 'test', '672 01', '2021-08-17 07:18:28'),
    (140, 93, 'mrubertelli3v', 'N', '0781 High Crossing Drive', 'Gaotan', 'test', 'test', '2021-11-13 04:04:46'),
    (141, 35, 'thingeley3w', 'Y', '30 Brentwood Plaza', 'Nggelok', 'test', 'test', '2021-12-11 03:17:52'),
    (142, 50, 'kloseby3x', 'Y', '263 Carioca Circle', 'Telukpakedai', 'test', 'test', '2021-10-17 13:42:53'),
    (143, 42, 'cfellona3y', 'Y', '869 Pepper Wood Parkway', 'Jiangyou', 'test', 'test', '2022-02-16 16:23:29'),
    (144, 68, 'cwarbeys3z', 'N', '643 Rusk Street', 'Suay', 'test', '8708', '2021-06-13 06:53:29'),
    (145, 97, 'epiatkowski40', 'N', '60160 8th Trail', 'Krandil', 'test', 'test', '2022-02-24 16:40:55'),
    (146, 43, 'joxtaby41', 'Y', '51868 Brickson Park Trail', 'Duko', 'test', 'test', '2021-04-19 19:59:13'),
    (147, 4, 'kklishin42', 'Y', '572 Packers Terrace', 'Norfolk', 'Virginia', '23514', '2021-04-28 07:46:39'),
    (148, 75, 'crude43', 'Y', '1265 Hintze Street', 'Pitangui', 'test', '35650-000', '2021-04-29 07:22:44'),
    (149, 96, 'nsiely44', 'Y', '7865 Atwood Alley', 'Balahovit', 'test', 'test', '2022-03-10 18:51:24'),
    (150, 41, 'acarrick45', 'N', '31928 Comanche Plaza', 'Leśna Podlaska', 'test', '21-542', '2021-09-07 13:22:18'),
    (151, 89, 'nestabrook46', 'Y', '28575 Westerfield Court', 'Tangchi', 'test', 'test', '2021-05-11 20:47:58'),
    (152, 39, 'nnineham47', 'N', '01 Melvin Drive', 'Zhougao', 'test', 'test', '2021-12-19 02:25:45'),
    (153, 37, 'wmcmurty48', 'Y', '2 Crescent Oaks Lane', 'Emiliano Zapata', 'Hidalgo', '43645', '2021-08-03 11:10:51'),
    (154, 9, 'wmompesson49', 'N', '4049 Main Park', 'Pul-e Sangī', 'test', 'test', '2021-07-13 06:27:28'),
    (155, 74, 'gsplevins4a', 'N', '3 Surrey Place', 'Paloh', 'test', 'test', '2021-12-06 13:58:29'),
    (156, 81, 'ielvish4b', 'N', '0 Dakota Way', 'Sundsvall', 'Västernorrland', '851 72', '2021-09-01 20:57:36'),
    (157, 63, 'kalves4c', 'Y', '3866 Nobel Pass', 'Fier', 'test', 'test', '2021-10-26 04:29:37'),
    (158, 44, 'emuckley4d', 'Y', '357 Sachs Pass', 'Tambakbaya', 'test', 'test', '2021-12-13 05:36:06'),
    (159, 80, 'koakwood4e', 'Y', '06 Susan Park', 'Santiago de Chuco', 'test', 'test', '2022-04-06 02:30:51'),
    (160, 3, 'cscholer4f', 'N', '00333 Magdeline Park', 'Chanthaburi', 'test', '10510', '2022-03-02 11:02:04'),
    (161, 90, 'kkuhnhardt4g', 'Y', '6617 Montana Terrace', 'Sladna', 'test', 'test', '2021-10-21 04:52:36'),
    (162, 83, 'oniessen4h', 'N', '15 Moose Trail', 'Nowa Sól', 'test', '67-101', '2022-01-03 13:53:32'),
    (163, 47, 'rstaines4i', 'Y', '6 Bayside Park', 'Peña Blanca', 'test', 'test', '2021-05-18 15:49:01'),
    (164, 40, 'jgrigoriev4j', 'Y', '71 Holmberg Drive', 'Al Qurayn', 'test', 'test', '2022-03-15 14:35:56'),
    (165, 29, 'ldegue4k', 'Y', '1751 Twin Pines Junction', 'Rego', 'Porto', '4635-637', '2022-02-02 01:09:34'),
    (166, 98, 'mgeraudel4l', 'N', '62 Ilene Street', 'Chicago', 'Illinois', '60614', '2022-01-01 20:41:13'),
    (167, 58, 'fcabel4m', 'Y', '902 Novick Point', 'Bairro do Margaça', 'Setúbal', '2965-530', '2021-08-16 00:52:24'),
    (168, 5, 'kanyon4n', 'N', '7026 Spohn Junction', 'Serrinha', 'Porto', '4620-400', '2021-08-16 07:23:58'),
    (169, 7, 'ryushin4o', 'N', '63 Hintze Drive', 'Sembabule', 'test', 'test', '2021-10-06 04:44:00'),
    (170, 21, 'sdefilippo4p', 'N', '11672 Armistice Way', 'Zhangjiaji', 'test', 'test', '2022-03-12 13:36:18'),
    (171, 27, 'ymelson4q', 'N', '5367 Barnett Avenue', 'Maszewo Duże', 'test', '09-412', '2021-06-23 22:35:46'),
    (172, 53, 'rcabrer4r', 'N', '39 Sunbrook Point', 'Xiaping', 'test', 'test', '2021-12-28 16:25:00'),
    (173, 8, 'mgarrigan4s', 'Y', '04920 Melody Drive', 'Washington', 'District of Columbia', '20566', '2021-05-26 17:21:42'),
    (174, 61, 'gdorran4t', 'Y', '89 Oneill Road', 'Fort Portal', 'test', 'test', '2022-04-11 01:19:21'),
    (175, 54, 'glittrick4u', 'N', '1 Mitchell Terrace', 'Hongkeli', 'test', 'test', '2021-12-25 21:52:43'),
    (176, 92, 'ealdwick4v', 'N', '370 1st Point', 'Vila Viçosa', 'Évora', '7160-208', '2022-03-17 20:53:25'),
    (177, 16, 'fbrogioni4w', 'N', '0 Cordelia Plaza', 'Kudang', 'test', 'test', '2021-12-19 23:40:55'),
    (178, 45, 'akelson4x', 'N', '283 Schurz Alley', 'Yashikera', 'test', 'test', '2021-06-28 09:54:19'),
    (179, 6, 'skleszinski4y', 'Y', '0 Anhalt Lane', 'Viñac', 'test', 'test', '2021-09-26 03:14:34'),
    (180, 64, 'kcandlin4z', 'Y', '59 Walton Parkway', 'Iwatsuki', 'test', '339-0061', '2022-01-10 11:38:16'),
    (181, 10, 'bhordell50', 'N', '6 Dwight Pass', 'Yuetang', 'test', 'test', '2021-12-01 17:35:34'),
    (182, 23, 'gspaice51', 'Y', '8 Ohio Crossing', 'Samal', 'test', '2113', '2021-05-18 02:51:35'),
    (183, 48, 'alethabridge52', 'Y', '9 Service Terrace', 'White City', 'Saskatchewan', 'P0W', '2021-06-02 15:50:04'),
    (184, 12, 'tewart53', 'Y', '7844 Kedzie Crossing', 'Mpongwe', 'test', 'test', '2022-03-29 15:57:41'),
    (185, 84, 'rdavis54', 'Y', '78 Barnett Park', 'Ivanovo', 'test', '352620', '2021-08-20 07:32:14'),
    (186, 18, 'pgainsborough55', 'Y', '9777 Drewry Park', 'Igunga', 'test', 'test', '2021-07-07 05:32:14'),
    (187, 34, 'cbogey56', 'Y', '37064 Division Plaza', 'Cijoho', 'test', 'test', '2021-09-17 07:18:46'),
    (188, 52, 'cmoores57', 'N', '3 School Terrace', 'Kundung', 'test', 'test', '2022-03-02 23:24:57'),
    (189, 70, 'lclewlow58', 'N', '607 Maple Drive', 'Severoural’sk', 'test', '624486', '2022-02-26 21:09:00'),
    (190, 82, 'lsainer59', 'N', '4 Eagan Point', 'Palmeira', 'test', '88545-000', '2021-10-10 18:56:17'),
    (191, 79, 'vbullon5a', 'Y', '765 Raven Hill', 'El Real', 'test', 'test', '2021-07-25 09:49:56'),
    (192, 1, 'agrichukhanov5b', 'Y', '5 Mockingbird Street', 'Amaigbo', 'test', 'test', '2021-04-20 13:49:21'),
    (193, 65, 'mvynoll5c', 'Y', '6 Colorado Pass', 'Jankowice', 'test', '43-215', '2021-11-15 00:47:50'),
    (194, 66, 'vcastelletti5d', 'N', '273 Weeping Birch Junction', 'Paris 02', 'Île-de-France', '75075 CEDEX 02', '2021-12-08 01:58:09'),
    (195, 11, 'iphelp5e', 'N', '60869 Westport Park', 'Letlhakane', 'test', 'test', '2021-08-22 15:09:32'),
    (196, 36, 'khalbeard5f', 'Y', '25 Bonner Court', 'Begang', 'test', '7300', '2021-05-11 23:12:32'),
    (197, 2, 'tbarreau5g', 'N', '6581 8th Road', 'Jianghai', 'test', 'test', '2021-10-27 14:23:10'),
    (198, 56, 'djunes5h', 'Y', '445 Lawn Place', 'Al Ḩarf', 'test', 'test', '2021-11-29 16:32:40'),
    (199, 99, 'mzanicchelli5i', 'Y', '9 Warbler Street', 'Desa Borogojol', 'test', 'test', '2022-04-12 19:48:01'),
    (200, 76, 'cmincher5j', 'Y', '666 Iowa Pass', 'Krajanjugosari', 'test', 'test', '2021-10-25 14:10:59');




-- -- ecommerce.Product definition

DROP TABLE IF EXISTS `Product`;

CREATE TABLE `Product` (
  `id` int NOT NULL AUTO_INCREMENT,
  `name` varchar(100) NOT NULL DEFAULT 'product''s name',
  `description` varchar(251) NOT NULL DEFAULT 'product ''s description',
  `stock` int NOT NULL DEFAULT '0',
  PRIMARY KEY (`id`)
) ENGINE=InnoDB DEFAULT CHARSET=utf8mb4 COLLATE=utf8mb4_0900_ai_ci;

INSERT INTO `Product` (`id`, `name`, `description`, `stock`) 
VALUES 
    (1, 'Pineapple - Regular', 'Compatible cohesive toolset', 10),
    (2, 'Shrimp, Dried, Small / Lb', 'Integrated system-worthy alliance', 313),
    (3, 'Trout Rainbow Whole', 'Adaptive real-time alliance', 185),
    (4, 'Prunes - Pitted', 'Cross-group cohesive protocol', 25),
    (5, 'Sage - Ground', 'User-friendly analyzing matrix', 413),
    (6, 'Beer - Fruli', 'Ameliorated zero administration circuit', 297),
    (7, 'Tea - Lemon Green Tea', 'Mandatory real-time installation', 337),
    (8, 'Pasta - Gnocchi, Potato', 'Up-sized asynchronous monitoring', 420),
    (9, 'Melon - Watermelon Yellow', 'Face to face systemic encoding', 283),
    (10, 'Wanton Wrap', 'Exclusive next generation task-force', 111),
    (11, 'Puree - Blackcurrant', 'Front-line web-enabled infrastructure', 345),
    (12, 'Lamb - Pieces, Diced', 'Adaptive mission-critical solution', 74),
    (13, 'Foam Cup 6 Oz', 'Compatible mission-critical contingency', 63),
    (14, 'Wine - Port Late Bottled Vintage', 'Universal stable approach', 161),
    (15, 'Wine - Casillero Deldiablo', 'Customer-focused foreground framework', 493),
    (16, 'Nantucket - Kiwi Berry Cktl.', 'Enhanced background challenge', 419),
    (17, 'Cheese Cheddar Processed', 'Open-source regional challenge', 210),
    (18, 'Cookies - Assorted', 'Automated object-oriented projection', 54),
    (19, 'Fiddlehead - Frozen', 'Customizable tertiary portal', 162),
    (20, 'Sauce - Mint', 'Open-source needs-based pricing structure', 83),
    (21, 'Turkey - Oven Roast Breast', 'Synchronised executive matrix', 79),
    (22, 'Tomatoes - Heirloom', 'Down-sized hybrid extranet', 141),
    (23, 'Onion - Dried', 'Front-line stable hardware', 91),
    (24, 'Orange Roughy 6/8 Oz', 'Team-oriented systemic hardware', 217),
    (25, 'Eggs - Extra Large', 'Customer-focused global intranet', 407),
    (26, 'Eggplant Oriental', 'Synchronised actuating policy', 10),
    (27, 'Soup - French Can Pea', 'Synergistic dynamic customer loyalty', 90),
    (28, 'Kahlua', 'Ameliorated exuding solution', 51),
    (29, 'Cocoa Powder - Natural', 'Stand-alone zero administration structure', 222),
    (30, 'Muffin Mix - Chocolate Chip', 'Object-based didactic conglomeration', 213),
    (31, 'Lamb Rack - Ontario', 'Function-based cohesive open architecture', 292),
    (32, 'Pastry - Apple Muffins - Mini', 'Business-focused real-time implementation', 374),
    (33, 'Fudge - Cream Fudge', 'Up-sized empowering access', 183),
    (34, 'Rosemary - Dry', 'Public-key cohesive software', 497),
    (35, 'Swordfish Loin Portions', 'Distributed stable emulation', 464),
    (36, 'Soup - Base Broth Beef', 'Multi-layered empowering forecast', 469),
    (37, 'Beef - Tongue, Fresh', 'Proactive transitional application', 424),
    (38, 'Mace', 'Organized web-enabled support', 314),
    (39, 'Lotus Root', 'Multi-lateral dynamic firmware', 445),
    (40, 'Wine - Magnotta - Red, Baco', 'Down-sized context-sensitive access', 235),
    (41, 'Veal - Shank, Pieces', 'Ameliorated cohesive hub', 168),
    (42, 'Wine - Chateau Aqueria Tavel', 'Triple-buffered didactic flexibility', 122),
    (43, 'Sun - Dried Tomatoes', 'Profit-focused bandwidth-monitored service-desk', 318),
    (44, 'Galliano', 'Pre-emptive tertiary open system', 71),
    (45, 'Tomato - Green', 'Ameliorated stable open system', 13),
    (46, 'Lentils - Green Le Puy', 'Ergonomic scalable knowledge base', 367),
    (47, 'Tuna - Canned, Flaked, Light', 'Automated composite budgetary management', 47),
    (48, 'Wine - Wyndham Estate Bin 777', 'Inverse didactic emulation', 100),
    (49, 'Nut - Peanut, Roasted', 'Open-source scalable migration', 35),
    (50, 'Pie Shells 10', 'Advanced transitional standardization', 93),
    (51, 'Tea - Vanilla Chai', 'Horizontal neutral extranet', 438),
    (52, 'Juice - Lemon', 'Polarised client-server open system', 361),
    (53, 'Glycerine', 'Persistent client-server focus group', 297),
    (54, 'Beer - Upper Canada Light', 'Team-oriented cohesive website', 205),
    (55, 'Crackers - Water', 'Reactive human-resource system engine', 112),
    (56, 'Pizza Pizza Dough', 'Multi-channelled 24 hour concept', 93),
    (57, 'Noodles - Steamed Chow Mein', 'Optimized methodical adapter', 391),
    (58, 'Lemon Pepper', 'Innovative 24/7 synergy', 448),
    (59, 'Napkin - Dinner, White', 'Reactive tangible infrastructure', 161),
    (60, 'Puree - Guava', 'Extended tangible matrix', 242),
    (61, 'Snapple Lemon Tea', 'Extended radical solution', 450),
    (62, 'Broom And Broom Rack White', 'Focused high-level success', 45),
    (63, 'Ham - Virginia', 'Quality-focused motivating leverage', 286),
    (64, 'Wine - Magnotta - Red, Baco', 'Organized responsive support', 439),
    (65, 'Wine - Wyndham Estate Bin 777', 'Persistent multi-state local area network', 411),
    (66, 'Carroway Seed', 'Exclusive empowering pricing structure', 193),
    (67, 'Vinegar - White', 'Organized zero defect encoding', 326),
    (68, 'Trueblue - Blueberry 12x473ml', 'Reverse-engineered disintermediate service-desk', 288),
    (69, 'Vector Energy Bar', 'Self-enabling cohesive knowledge base', 351),
    (70, 'French Pastry - Mini Chocolate', 'Adaptive bi-directional functionalities', 108),
    (71, 'Beef - Bones, Marrow', 'Programmable client-server ability', 469),
    (72, 'Ice Cream - Strawberry', 'Object-based modular policy', 349),
    (73, 'Appetizer - Veg Assortment', 'Upgradable value-added monitoring', 49),
    (74, 'Hummus - Spread', 'Visionary client-driven utilisation', 361),
    (75, 'Godiva White Chocolate', 'Distributed local matrix', 18),
    (76, 'Fish - Base, Bouillion', 'Innovative regional benchmark', 119),
    (77, 'Truffle Cups - Brown', 'Robust zero defect benchmark', 428),
    (78, 'Figs', 'Robust client-driven application', 119),
    (79, 'Scallops - 20/30', 'Open-architected mission-critical budgetary management', 138),
    (80, 'Beer - Sleemans Cream Ale', 'Synergistic disintermediate core', 365),
    (81, 'Iced Tea Concentrate', 'Innovative foreground data-warehouse', 15),
    (82, 'Butter - Unsalted', 'Pre-emptive executive core', 408),
    (83, 'Dc Hikiage Hira Huba', 'Expanded needs-based extranet', 322),
    (84, 'Juice - Lagoon Mango', 'Reduced transitional success', 415),
    (85, 'Pepper - Pablano', 'Face to face reciprocal access', 205),
    (86, 'Edible Flower - Mixed', 'Right-sized executive challenge', 302),
    (87, 'Hinge W Undercut', 'Ameliorated discrete intranet', 464),
    (88, 'Sparkling Wine - Rose, Freixenet', 'Managed grid-enabled synergy', 476),
    (89, 'Beef - Kindney, Whole', 'Configurable zero administration encryption', 50),
    (90, 'Veal - Insides Provini', 'Up-sized intangible core', 13),
    (91, 'Zucchini - Yellow', 'Multi-channelled multi-tasking project', 485),
    (92, 'Taro Root', 'Diverse bi-directional forecast', 320),
    (93, 'Chives - Fresh', 'Horizontal client-server leverage', 269),
    (94, 'Soup - Knorr, Country Bean', 'Programmable upward-trending support', 107),
    (95, 'Tart - Butter Plain Squares', 'Organized mobile algorithm', 182),
    (96, 'Yogurt - Banana, 175 Gr', 'Organic non-volatile open system', 71),
    (97, 'Glycerine', 'Persistent intermediate collaboration', 84),
    (98, 'Tuna - Bluefin', 'Cross-platform client-server emulation', 174),
    (99, 'Table Cloth 90x90 White', 'Versatile reciprocal challenge', 369),
    (100, 'Pastry - Baked Scones - Mini', 'Robust asynchronous internet solution', 43),
    (101, 'Octopus - Baby, Cleaned', 'Self-enabling full-range pricing structure', 268),
    (102, 'Macaroons - Two Bite Choc', 'User-centric even-keeled interface', 345),
    (103, 'Coffee - Decaffeinato Coffee', 'Synchronised exuding installation', 429),
    (104, 'Pate - Cognac', 'Centralized multimedia application', 355),
    (105, 'Star Anise, Whole', 'Enhanced eco-centric forecast', 391),
    (106, 'Kiwi Gold Zespri', 'Grass-roots systemic structure', 83),
    (107, 'Muffin Carrot - Individual', 'Total fresh-thinking database', 444),
    (108, 'Chicken - Tenderloin', 'Self-enabling heuristic strategy', 467),
    (109, 'Rhubarb', 'Triple-buffered fault-tolerant array', 421),
    (110, 'Energy - Boo - Koo', 'Right-sized fault-tolerant conglomeration', 45),
    (111, 'Flower - Carnations', 'Centralized dynamic matrix', 165),
    (112, 'Onions - Pearl', 'Enhanced value-added service-desk', 109),
    (113, 'Cookies Cereal Nut', 'Profit-focused content-based concept', 45),
    (114, 'Pork - Side Ribs', 'Future-proofed attitude-oriented data-warehouse', 387),
    (115, 'Papadam', 'Streamlined object-oriented leverage', 148),
    (116, 'Russian Prince', 'Secured impactful success', 447),
    (117, 'Ice Cream Bar - Oreo Cone', 'User-centric neutral budgetary management', 178),
    (118, 'Creme De Cacao Mcguines', 'Configurable leading edge collaboration', 83),
    (119, 'Bread - White, Sliced', 'Implemented contextually-based customer loyalty', 133),
    (120, 'Cinnamon Rolls', 'Ergonomic asynchronous analyzer', 281),
    (121, 'Beef - Tender Tips', 'Operative holistic local area network', 410),
    (122, 'Flour - Bread', 'Managed contextually-based matrix', 146),
    (123, 'Potatoes - Peeled', 'Open-source didactic superstructure', 473),
    (124, 'Wine - Magnotta - Cab Sauv', 'Persevering full-range protocol', 283),
    (125, 'Beef Wellington', 'Realigned object-oriented knowledge user', 246),
    (126, 'Cream - 35%', 'Synchronised exuding application', 333),
    (127, 'Shark - Loin', 'Polarised bandwidth-monitored concept', 133),
    (128, 'Wine - White, Antinore Orvieto', 'Face to face didactic application', 59),
    (129, 'Peas - Frozen', 'Stand-alone encompassing capacity', 308),
    (130, 'Cookie Dough - Chocolate Chip', 'Networked even-keeled toolset', 201),
    (131, 'Pastry - Mini French Pastries', 'Balanced composite protocol', 302),
    (132, 'Wine - Winzer Krems Gruner', 'Persevering encompassing time-frame', 434),
    (133, 'Lettuce Romaine Chopped', 'Optimized content-based Graphic Interface', 89),
    (134, 'Appetizer - Tarragon Chicken', 'Balanced cohesive conglomeration', 479),
    (135, 'Soup - Beef, Base Mix', 'Open-source motivating solution', 456),
    (136, 'Pasta - Fettuccine, Dry', 'Configurable disintermediate system engine', 105),
    (137, 'Carbonated Water - Peach', 'Horizontal needs-based structure', 110),
    (138, 'Wine - Duboeuf Beaujolais', 'Upgradable multimedia encoding', 141),
    (139, 'Pepper - Yellow Bell', 'Devolved eco-centric emulation', 222),
    (140, 'Chicken - Base, Ultimate', 'Fundamental tertiary budgetary management', 412),
    (141, 'Olive - Spread Tapenade', 'Versatile methodical array', 132),
    (142, 'Crush - Orange, 355ml', 'Cloned real-time projection', 324),
    (143, 'Grouper - Fresh', 'Profound needs-based database', 351),
    (144, 'Soup - Boston Clam Chowder', 'Organized methodical emulation', 228),
    (145, 'Jam - Raspberry,jar', 'Synchronised contextually-based superstructure', 272),
    (146, 'Veal - Osso Bucco', 'Re-contextualized background superstructure', 21),
    (147, 'Cookie Trail Mix', 'Profit-focused web-enabled adapter', 382),
    (148, 'Asparagus - White, Fresh', 'Open-source local migration', 293),
    (149, 'Sprouts - Bean', 'Reverse-engineered dynamic hub', 87),
    (150, 'Vinegar - Tarragon', 'Ameliorated non-volatile synergy', 277),
    (151, 'Cheese Cheddar Processed', 'Fundamental logistical monitoring', 131),
    (152, 'Sausage - Breakfast', 'Assimilated uniform adapter', 319),
    (153, 'Hinge W Undercut', 'Synergized next generation emulation', 481),
    (154, 'Oil - Peanut', 'Cloned bifurcated success', 106),
    (155, 'Bread - Pumpernickle, Rounds', 'Face to face contextually-based projection', 321),
    (156, 'Chocolate Bar - Smarties', 'Front-line real-time standardization', 152),
    (157, 'Wine - Trimbach Pinot Blanc', 'Focused real-time collaboration', 336),
    (158, 'Beans - Fine', 'Vision-oriented upward-trending product', 242),
    (159, 'Truffle Cups - Red', 'Persistent demand-driven product', 291),
    (160, 'Gatorade - Fruit Punch', 'Public-key optimal standardization', 324),
    (161, 'Pork - Ground', 'De-engineered transitional hub', 40),
    (162, 'Wine - Casillero Deldiablo', 'Inverse coherent function', 308),
    (163, 'Bread Base - Italian', 'Cross-group fresh-thinking encryption', 499),
    (164, 'Bread - Onion Focaccia', 'Secured interactive matrix', 26),
    (165, 'Lamb - Ground', 'Progressive mobile middleware', 386),
    (166, 'Ice Cream Bar - Oreo Sandwich', 'Organic asynchronous circuit', 236),
    (167, 'Potatoes - Pei 10 Oz', 'Extended homogeneous capacity', 453),
    (168, 'Allspice - Jamaican', 'Monitored homogeneous projection', 369),
    (169, 'V8 - Tropical Blend', 'Re-contextualized zero defect protocol', 308),
    (170, 'Milk - 1%', 'Multi-layered maximized local area network', 359),
    (171, 'Puree - Kiwi', 'Optional foreground leverage', 310),
    (172, 'Poppy Seed', 'Fundamental 5th generation projection', 279),
    (173, 'Fish - Halibut, Cold Smoked', 'Enhanced asynchronous orchestration', 312),
    (174, 'Okra', 'Managed dedicated projection', 370),
    (175, 'Eel Fresh', 'User-friendly leading edge approach', 85),
    (176, 'Jam - Marmalade, Orange', 'Triple-buffered systematic open architecture', 166),
    (177, 'Lamb - Loin Chops', 'Operative executive superstructure', 20),
    (178, 'Turnip - Mini', 'Visionary contextually-based productivity', 456),
    (179, 'Sage Derby', 'Organic actuating knowledge base', 337),
    (180, 'Jameson Irish Whiskey', 'Organic 5th generation product', 209),
    (181, 'Beer - Fruli', 'Exclusive optimizing Graphical User Interface', 495),
    (182, 'Pastry - Chocolate Marble Tea', 'Monitored impactful customer loyalty', 187),
    (183, 'Bread - Italian Roll With Herbs', 'Focused real-time hierarchy', 439),
    (184, 'Beef - Eye Of Round', 'Right-sized systematic adapter', 174),
    (185, 'Bag Clear 10 Lb', 'Adaptive global neural-net', 267),
    (186, 'Lobster - Baby, Boiled', 'Self-enabling asynchronous info-mediaries', 109),
    (187, 'Mangoes', 'Optimized foreground throughput', 233),
    (188, 'Muffin Batt - Blueberry Passion', 'Monitored value-added project', 403),
    (189, 'Longos - Greek Salad', 'Customer-focused reciprocal extranet', 268),
    (190, 'Grapes - Black', 'Progressive dedicated support', 199),
    (191, 'Pepper - Sorrano', 'Assimilated well-modulated middleware', 12),
    (192, 'Pomegranates', 'Secured background concept', 262),
    (193, 'Beef - Tenderloin', 'Re-engineered zero tolerance info-mediaries', 47),
    (194, 'Soup - Campbells, Minestrone', 'Self-enabling responsive attitude', 306),
    (195, 'Galliano', 'Focused object-oriented superstructure', 496),
    (196, 'Chicken Giblets', 'Integrated reciprocal monitoring', 145),
    (197, 'Quail - Eggs, Fresh', 'Digitized human-resource secured line', 14),
    (198, 'Long Island Ice Tea', 'Versatile client-server model', 160),
    (199, 'Oranges', 'Managed holistic protocol', 328),
    (200, 'Cheese - Gouda Smoked', 'Re-contextualized high-level architecture', 232),
    (201, 'Soup - Cream Of Potato / Leek', 'Reduced encompassing process improvement', 301),
    (202, 'Onions - Dried, Chopped', 'Integrated asymmetric capability', 303),
    (203, 'Fish - Atlantic Salmon, Cold', 'Virtual bifurcated definition', 261),
    (204, 'Veal - Sweetbread', 'Robust maximized workforce', 404),
    (205, 'White Fish - Filets', 'Triple-buffered well-modulated Graphic Interface', 293),
    (206, 'Creme De Cacao White', 'Business-focused motivating flexibility', 373),
    (207, 'The Pop Shoppe Pinapple', 'Upgradable maximized orchestration', 138),
    (208, 'Gatorade - Orange', 'Fully-configurable 6th generation budgetary management', 210),
    (209, 'Edible Flower - Mixed', 'Balanced dedicated encoding', 172),
    (210, 'Tuna - Yellowfin', 'Distributed fresh-thinking website', 130),
    (211, 'Paper Towel Touchless', 'Optimized bifurcated emulation', 200),
    (212, 'Beer - Upper Canada Light', 'Integrated hybrid capacity', 481),
    (213, 'Munchies Honey Sweet Trail Mix', 'Customizable multimedia moratorium', 415),
    (214, 'Wine - Cotes Du Rhone', 'Re-contextualized real-time orchestration', 222),
    (215, 'Wine - Sherry Dry Sack, William', 'Adaptive asynchronous implementation', 458),
    (216, 'Plate Foam Laminated 9in Blk', 'Decentralized systematic neural-net', 245),
    (217, 'Clementine', 'Digitized methodical task-force', 372),
    (218, 'Artichoke - Bottom, Canned', 'Secured value-added focus group', 205),
    (219, 'Ham - Cooked Bayonne Tinned', 'Implemented heuristic Graphical User Interface', 129),
    (220, 'Cheese - Mix', 'Networked clear-thinking customer loyalty', 420),
    (221, 'Syrup - Monin - Passion Fruit', 'Open-architected context-sensitive approach', 417),
    (222, 'Pepper - Red Thai', 'Cross-platform modular info-mediaries', 216),
    (223, 'Wine - Maipo Valle Cabernet', 'Reduced solution-oriented emulation', 236),
    (224, 'Sugar - Invert', 'Multi-lateral value-added success', 31),
    (225, 'Salt - Sea', 'Face to face fresh-thinking benchmark', 260),
    (226, 'Beef Dry Aged Tenderloin Aaa', 'Fully-configurable dynamic archive', 490),
    (227, 'Meldea Green Tea Liquor', 'Streamlined asymmetric product', 351),
    (228, 'Cucumber - English', 'Managed encompassing analyzer', 50),
    (229, 'Wine - Sauvignon Blanc', 'Grass-roots bi-directional strategy', 449),
    (230, 'Wiberg Cure', 'Balanced responsive time-frame', 360),
    (231, 'Juice - Cranberry 284ml', 'Versatile mobile archive', 310),
    (232, 'Pork - Hock And Feet Attached', 'Cloned executive approach', 213),
    (233, 'Pork - Smoked Back Bacon', 'Mandatory mobile intranet', 41),
    (234, 'Smoked Paprika', 'Stand-alone mission-critical access', 136),
    (235, 'Assorted Desserts', 'Vision-oriented mobile portal', 158),
    (236, 'Pork - Backfat', 'Universal 6th generation function', 479),
    (237, 'Glaze - Clear', 'Self-enabling user-facing collaboration', 52),
    (238, 'Cocoa Powder - Natural', 'Re-engineered zero defect hardware', 83),
    (239, 'Bandage - Finger Cots', 'Integrated scalable task-force', 153),
    (240, 'Wine - Gewurztraminer Pierre', 'Customizable content-based process improvement', 23),
    (241, 'Chicken - Ground', 'Assimilated content-based workforce', 67),
    (242, 'Foil - Round Foil', 'Front-line hybrid project', 146),
    (243, 'Cake - Cake Sheet Macaroon', 'Balanced coherent open architecture', 136),
    (244, 'Jam - Apricot', 'Upgradable foreground capacity', 143),
    (245, 'Onion - Dried', 'User-centric 24/7 parallelism', 409),
    (246, 'Soup - Canadian Pea, Dry Mix', 'Object-based fault-tolerant firmware', 34),
    (247, 'Mushroom - Porcini, Dry', 'Visionary mission-critical implementation', 318),
    (248, 'Extract - Raspberry', 'Inverse content-based system engine', 28),
    (249, 'Juice - Cranberry, 341 Ml', 'Right-sized human-resource internet solution', 466),
    (250, 'Cheese - Mix', 'Diverse intangible initiative', 289),
    (251, 'Milk - Buttermilk', 'Devolved actuating protocol', 364),
    (252, 'Water - Spring 1.5lit', 'Expanded didactic frame', 87),
    (253, 'Sauce - White, Mix', 'Extended well-modulated toolset', 141),
    (254, 'Flavouring - Raspberry', 'Operative contextually-based local area network', 36),
    (255, 'Haggis', 'Team-oriented uniform emulation', 407),
    (256, 'Garbage Bags - Black', 'Exclusive next generation encryption', 84),
    (257, 'Beef - Diced', 'Configurable 24 hour paradigm', 220),
    (258, 'Table Cloth - 53x69 Colour', 'Automated solution-oriented system engine', 94),
    (259, 'Beef - Tenderloin - Aa', 'Automated static productivity', 362),
    (260, 'Bar Bran Honey Nut', 'Compatible context-sensitive middleware', 373),
    (261, 'Broom - Push', 'Re-contextualized methodical utilisation', 311),
    (262, 'Muffin Mix - Corn Harvest', 'Devolved heuristic task-force', 354),
    (263, 'Dill Weed - Fresh', 'Horizontal web-enabled utilisation', 348),
    (264, 'Wine - Cotes Du Rhone', 'Programmable disintermediate website', 410),
    (265, 'Muffin - Bran Ind Wrpd', 'Profound solution-oriented implementation', 213),
    (266, 'Tomatoes Tear Drop Yellow', 'Persevering zero defect approach', 477),
    (267, 'Creme De Cacao Mcguines', 'Sharable local architecture', 498),
    (268, 'Cookie Choc', 'Reverse-engineered system-worthy moderator', 199),
    (269, 'Pastry - Plain Baked Croissant', 'Polarised heuristic extranet', 484),
    (270, 'Puree - Mocha', 'Re-engineered encompassing groupware', 33),
    (271, 'Pepper - Paprika, Hungarian', 'Re-contextualized upward-trending analyzer', 190),
    (272, 'Beets - Candy Cane, Organic', 'Streamlined zero tolerance knowledge base', 374),
    (273, 'Soup - Tomato Mush. Florentine', 'Managed background matrix', 234),
    (274, 'Onions Granulated', 'Polarised stable website', 379),
    (275, 'Pasta - Spaghetti, Dry', 'Expanded explicit customer loyalty', 58),
    (276, 'Bread - Pita', 'Self-enabling human-resource framework', 440),
    (277, 'Liquid Aminios Acid - Braggs', 'Focused well-modulated hub', 203),
    (278, 'Juice Peach Nectar', 'Enhanced bi-directional initiative', 243),
    (279, 'Horseradish Root', 'Reactive demand-driven array', 45),
    (280, 'Water, Tap', 'Optional dedicated synergy', 193),
    (281, 'Wine - Zinfandel California 2002', 'Intuitive bi-directional toolset', 200),
    (282, 'Beer - Original Organic Lager', 'Quality-focused 24 hour frame', 85),
    (283, 'Lychee - Canned', 'Multi-lateral leading edge project', 455),
    (284, 'Beer - Blue', 'Operative leading edge artificial intelligence', 82),
    (285, 'Flax Seed', 'Focused dynamic firmware', 128),
    (286, 'Kale - Red', 'Future-proofed zero tolerance access', 351),
    (287, 'Salt - Kosher', 'Multi-channelled needs-based capacity', 25),
    (288, 'Pork - Back Ribs', 'Profound optimal productivity', 147),
    (289, 'Salmon - Smoked, Sliced', 'Fundamental grid-enabled access', 211),
    (290, 'Eel - Smoked', 'Centralized composite moratorium', 474),
    (291, 'Sugar - Splenda Sweetener', 'Exclusive systematic system engine', 207),
    (292, 'Cheese - Feta', 'Operative background access', 100),
    (293, 'Sorrel - Fresh', 'Synchronised actuating workforce', 64),
    (294, 'Persimmons', 'Triple-buffered zero defect approach', 471),
    (295, 'Kellogs Raisan Bran Bars', 'Re-engineered full-range intranet', 283),
    (296, 'Pepper - Red, Finger Hot', 'Decentralized neutral capability', 232),
    (297, 'Jam - Raspberry', 'Innovative zero administration architecture', 138),
    (298, 'Mushroom - Trumpet, Dry', 'Universal responsive internet solution', 227),
    (299, 'Buttons', 'Synchronised fault-tolerant toolset', 175),
    (300, 'Nescafe - Frothy French Vanilla', 'Extended composite toolset', 45);


-- -- ecommerce.`Order` definition

DROP TABLE IF EXISTS `Order`;

CREATE TABLE `Order` (
  `id` int NOT NULL AUTO_INCREMENT,
  `customer_id` int NOT NULL,
  `address_id` int NOT NULL,
  PRIMARY KEY (`id`),
  KEY `Order_FK` (`customer_id`),
  KEY `Order_FK_1` (`address_id`),
  CONSTRAINT `Order_FK` FOREIGN KEY (`customer_id`) REFERENCES `Customer` (`id`),
  CONSTRAINT `Order_FK_1` FOREIGN KEY (`address_id`) REFERENCES `Address` (`id`)
) ENGINE=InnoDB DEFAULT CHARSET=utf8mb4 COLLATE=utf8mb4_0900_ai_ci;

INSERT INTO `Order` (`id`, `customer_id`, `address_id`) 
VALUES 
    (1,95,51),
    (2,49,185),
    (3,57,51),
    (4,1,200),
    (5,75,180),
    (6,28,152),
    (7,48,39),
    (8,3,40),
    (9,14,78),
    (10,70,13),
    (11,48,44),
    (12,71,68),
    (13,49,61),
    (14,42,43),
    (15,82,54),
    (16,16,10),
    (17,95,88),
    (18,2,86),
    (19,51,12),
    (20,20,150),
    (21,53,43),
    (22,81,42),
    (23,33,100),
    (24,48,163),
    (25,80,140),
    (26,43,135),
    (27,7,81),
    (28,10,96),
    (29,20,34),
    (30,88,148),
    (31,83,46),
    (32,13,68),
    (33,74,92),
    (34,17,102),
    (35,20,75),
    (36,14,56),
    (37,11,128),
    (38,6,115),
    (39,72,143),
    (40,24,134),
    (41,80,182),
    (42,73,24),
    (43,76,104),
    (44,97,55),
    (45,19,90),
    (46,61,35),
    (47,32,41),
    (48,48,83),
    (49,58,101),
    (50,50,20),
    (51,47,167),
    (52,50,66),
    (53,51,149),
    (54,39,88),
    (55,14,28),
    (56,76,156),
    (57,55,153),
    (58,31,96),
    (59,29,66),
    (60,63,4),
    (61,63,164),
    (62,18,142),
    (63,87,70),
    (64,32,72),
    (65,66,123),
    (66,7,79),
    (67,89,25),
    (68,21,138),
    (69,82,87),
    (70,38,72),
    (71,88,167),
    (72,44,99),
    (73,95,20),
    (74,83,153),
    (75,45,85),
    (76,67,174),
    (77,77,161),
    (78,81,16),
    (79,5,180),
    (80,13,2),
    (81,1,101),
    (82,5,108),
    (83,21,76),
    (84,54,63),
    (85,52,92),
    (86,15,196),
    (87,45,189),
    (88,56,175),
    (89,58,12),
    (90,41,44),
    (91,84,72),
    (92,22,37),
    (93,34,3),
    (94,49,106),
    (95,50,30),
    (96,98,108),
    (97,46,22),
    (98,95,171),
    (99,13,134),
    (100,21,150),
    (101,7,109),
    (102,81,108),
    (103,32,118),
    (104,85,18),
    (105,26,44),
    (106,40,45),
    (107,96,166),
    (108,44,177),
    (109,16,8),
    (110,80,50),
    (111,78,147),
    (112,65,59),
    (113,81,61),
    (114,95,55),
    (115,18,108),
    (116,38,146),
    (117,67,51),
    (118,69,117),
    (119,85,145),
    (120,92,200),
    (121,60,109),
    (122,87,71),
    (123,80,131),
    (124,89,65),
    (125,72,101),
    (126,53,28),
    (127,3,124),
    (128,98,144),
    (129,55,28),
    (130,52,37),
    (131,93,109),
    (132,6,200),
    (133,99,44),
    (134,54,37),
    (135,56,42),
    (136,51,3),
    (137,33,19),
    (138,12,143),
    (139,46,121),
    (140,60,104),
    (141,18,97),
    (142,55,58),
    (143,32,46),
    (144,67,11),
    (145,95,153),
    (146,54,167),
    (147,46,145),
    (148,19,158),
    (149,82,5),
    (150,26,54),
    (151,19,30),
    (152,11,160),
    (153,14,156),
    (154,61,21),
    (155,13,103),
    (156,75,67),
    (157,74,59),
    (158,36,107),
    (159,23,184),
    (160,35,38),
    (161,79,22),
    (162,11,145),
    (163,57,18),
    (164,15,124),
    (165,89,156),
    (166,34,168),
    (167,3,24),
    (168,54,100),
    (169,31,69),
    (170,84,91),
    (171,32,78),
    (172,4,5),
    (173,6,125),
    (174,24,32),
    (175,40,186),
    (176,86,52),
    (177,17,167),
    (178,20,97),
    (179,64,119),
    (180,56,151),
    (181,17,30),
    (182,82,17),
    (183,27,113),
    (184,50,187),
    (185,29,81),
    (186,19,40),
    (187,70,64),
    (188,23,32),
    (189,83,44),
    (190,72,168),
    (191,82,27),
    (192,32,146),
    (193,55,25),
    (194,62,98),
    (195,53,85),
    (196,67,122),
    (197,12,161),
    (198,42,133),
    (199,34,56),
    (200,48,4);

-- -- ecommerce.Order_Product definition

DROP TABLE IF EXISTS `Order_Product`;

CREATE TABLE `Order_Product` (
  `id` int NOT NULL AUTO_INCREMENT,
  `order_id` int NOT NULL,
  `product_id` int NOT NULL,
  `quantity` int NOT NULL,
  PRIMARY KEY (`id`),
  KEY `Order_Product_FK` (`product_id`),
  KEY `Order_Product_FK_1` (`order_id`),
  CONSTRAINT `Order_Product_FK` FOREIGN KEY (`product_id`) REFERENCES `Product` (`id`),
  CONSTRAINT `Order_Product_FK_1` FOREIGN KEY (`order_id`) REFERENCES `Order` (`id`)
) ENGINE=InnoDB DEFAULT CHARSET=utf8mb4 COLLATE=utf8mb4_0900_ai_ci;

INSERT INTO `Order_Product` (`id`, `order_id`, `product_id`, `quantity`) 
VALUES 
    (1, 54, 1, 3),
    (2, 134, 140, 1),
    (3, 147, 79, 1),
    (4, 71, 129, 1),
    (5, 64, 258, 1),
    (6, 158, 93, 1),
    (7, 61, 100, 3),
    (8, 60, 266, 3),
    (9, 26, 68, 1),
    (10, 140, 216, 1),
    (11, 7, 225, 2),
    (12, 181, 153, 2),
    (13, 107, 270, 2),
    (14, 148, 37, 1),
    (15, 78, 135, 3),
    (16, 125, 18, 3),
    (17, 85, 131, 2),
    (18, 45, 122, 1),
    (19, 149, 67, 1),
    (20, 131, 220, 3),
    (21, 76, 31, 2),
    (22, 161, 55, 1),
    (23, 152, 126, 1),
    (24, 113, 280, 2),
    (25, 40, 95, 2),
    (26, 180, 206, 2),
    (27, 137, 10, 2),
    (28, 98, 117, 2),
    (29, 165, 233, 2),
    (30, 116, 86, 3),
    (31, 25, 274, 3),
    (32, 173, 195, 1),
    (33, 44, 180, 1),
    (34, 2, 39, 2),
    (35, 138, 114, 1),
    (36, 150, 298, 2),
    (37, 39, 168, 2),
    (38, 50, 169, 2),
    (39, 120, 12, 3),
    (40, 95, 32, 1),
    (41, 89, 198, 3),
    (42, 133, 26, 1),
    (43, 84, 224, 3),
    (44, 169, 40, 1),
    (45, 191, 14, 2),
    (46, 35, 196, 3),
    (47, 57, 286, 1),
    (48, 135, 296, 1),
    (49, 47, 176, 3),
    (50, 139, 254, 2),
    (51, 75, 53, 3),
    (52, 171, 235, 3),
    (53, 109, 88, 1),
    (54, 8, 92, 1),
    (55, 166, 24, 1),
    (56, 70, 59, 3),
    (57, 27, 171, 1),
    (58, 32, 249, 2),
    (59, 108, 294, 3),
    (60, 190, 52, 2),
    (61, 23, 173, 2),
    (62, 74, 192, 3),
    (63, 67, 64, 3),
    (64, 51, 166, 3),
    (65, 119, 161, 3),
    (66, 90, 75, 2),
    (67, 156, 101, 3),
    (68, 110, 105, 3),
    (69, 130, 136, 3),
    (70, 145, 279, 1),
    (71, 31, 187, 3),
    (72, 162, 277, 2),
    (73, 18, 159, 1),
    (74, 112, 119, 3),
    (75, 163, 41, 1),
    (76, 151, 250, 3),
    (77, 106, 156, 2),
    (78, 183, 51, 2),
    (79, 141, 21, 1),
    (80, 55, 165, 3),
    (81, 92, 215, 1),
    (82, 199, 214, 3),
    (83, 37, 179, 3),
    (84, 42, 50, 3),
    (85, 21, 234, 2),
    (86, 29, 104, 2),
    (87, 102, 139, 2),
    (88, 43, 183, 2),
    (89, 142, 111, 2),
    (90, 72, 287, 3),
    (91, 12, 99, 3),
    (92, 11, 239, 2),
    (93, 81, 82, 2),
    (94, 178, 260, 3),
    (95, 65, 54, 3),
    (96, 83, 91, 3),
    (97, 15, 98, 1),
    (98, 88, 247, 1),
    (99, 3, 297, 3),
    (100, 59, 109, 2),
    (101, 99, 221, 1),
    (102, 56, 45, 3),
    (103, 127, 223, 3),
    (104, 82, 13, 1),
    (105, 155, 20, 3),
    (106, 103, 6, 3),
    (107, 80, 191, 2),
    (108, 198, 72, 2),
    (109, 194, 145, 1),
    (110, 124, 282, 1),
    (111, 172, 284, 2),
    (112, 33, 272, 1),
    (113, 96, 69, 3),
    (114, 100, 154, 2),
    (115, 66, 265, 1),
    (116, 123, 194, 3),
    (117, 159, 289, 1),
    (118, 4, 189, 1),
    (119, 13, 138, 2),
    (120, 111, 285, 2),
    (121, 41, 121, 1),
    (122, 105, 106, 1),
    (123, 143, 94, 3),
    (124, 185, 23, 2),
    (125, 38, 295, 2),
    (126, 1, 185, 3),
    (127, 157, 27, 2),
    (128, 121, 49, 1),
    (129, 6, 244, 3),
    (130, 58, 210, 2),
    (131, 68, 7, 2),
    (132, 179, 133, 3),
    (133, 146, 182, 2),
    (134, 170, 242, 3),
    (135, 97, 108, 2),
    (136, 192, 204, 3),
    (137, 63, 144, 3),
    (138, 186, 273, 1),
    (139, 115, 252, 2),
    (140, 52, 264, 3),
    (141, 197, 19, 2),
    (142, 122, 175, 1),
    (143, 188, 130, 3),
    (144, 34, 199, 1),
    (145, 168, 181, 1),
    (146, 129, 232, 1),
    (147, 62, 25, 1),
    (148, 196, 29, 3),
    (149, 187, 251, 3),
    (150, 49, 44, 1),
    (151, 36, 203, 2),
    (152, 153, 127, 2),
    (153, 14, 33, 3),
    (154, 20, 15, 2),
    (155, 30, 56, 1),
    (156, 77, 148, 1),
    (157, 19, 128, 1),
    (158, 177, 17, 1),
    (159, 175, 300, 3),
    (160, 10, 60, 2),
    (161, 126, 11, 1),
    (162, 184, 222, 1),
    (163, 93, 149, 2),
    (164, 136, 200, 3),
    (165, 73, 263, 1),
    (166, 94, 160, 2),
    (167, 160, 275, 2),
    (168, 114, 120, 3),
    (169, 176, 219, 3),
    (170, 189, 163, 2),
    (171, 132, 103, 2),
    (172, 46, 115, 1),
    (173, 193, 236, 3),
    (174, 5, 46, 3),
    (175, 53, 257, 3),
    (176, 200, 217, 1),
    (177, 69, 255, 2),
    (178, 101, 83, 2),
    (179, 79, 87, 3),
    (180, 16, 259, 2),
    (181, 118, 207, 1),
    (182, 9, 253, 2),
    (183, 117, 267, 3),
    (184, 144, 107, 1),
    (185, 128, 202, 1),
    (186, 87, 281, 1),
    (187, 22, 65, 3),
    (188, 30, 151, 3),
    (189, 161, 150, 1),
    (190, 75, 269, 2),
    (191, 181, 22, 2),
    (192, 29, 186, 1),
    (193, 73, 84, 1),
    (194, 18, 155, 2),
    (195, 53, 48, 2),
    (196, 129, 80, 3),
    (197, 32, 230, 2),
    (198, 72, 5, 2),
    (199, 155, 288, 1),
    (200, 104, 246, 2),
    (201, 89, 261, 3),
    (202, 146, 4, 1),
    (203, 27, 292, 3),
    (204, 151, 237, 2),
    (205, 77, 238, 1),
    (206, 186, 142, 1),
    (207, 125, 243, 2),
    (208, 97, 63, 2),
    (209, 131, 118, 2),
    (210, 21, 9, 3),
    (211, 7, 58, 3),
    (212, 106, 62, 1),
    (213, 135, 38, 1),
    (214, 171, 43, 2),
    (215, 37, 268, 1),
    (216, 5, 97, 1),
    (217, 67, 47, 2),
    (218, 42, 137, 1),
    (219, 58, 113, 3),
    (220, 40, 34, 1),
    (221, 130, 211, 3),
    (222, 45, 141, 1),
    (223, 83, 205, 2),
    (224, 156, 143, 2),
    (225, 152, 228, 1),
    (226, 9, 96, 3),
    (227, 47, 178, 1),
    (228, 153, 276, 1),
    (229, 15, 299, 2),
    (230, 86, 188, 1),
    (231, 59, 122, 1),
    (232, 34, 184, 3),
    (233, 2, 213, 3),
    (234, 26, 202, 3),
    (235, 193, 24, 1),
    (236, 196, 33, 1),
    (237, 165, 68, 3),
    (238, 183, 131, 1),
    (239, 116, 164, 3),
    (240, 190, 138, 2),
    (241, 51, 94, 1),
    (242, 93, 240, 1),
    (243, 4, 257, 1),
    (244, 169, 38, 1),
    (245, 91, 295, 1),
    (246, 195, 10, 3),
    (247, 136, 264, 3),
    (248, 10, 193, 1),
    (249, 8, 287, 3),
    (250, 191, 96, 2),
    (251, 189, 103, 3),
    (252, 115, 176, 1),
    (253, 158, 58, 1),
    (254, 52, 78, 3),
    (255, 92, 14, 1),
    (256, 46, 23, 3),
    (257, 105, 73, 2),
    (258, 64, 234, 3),
    (259, 111, 207, 3),
    (260, 87, 171, 1),
    (261, 141, 86, 1),
    (262, 127, 296, 1),
    (263, 123, 134, 3),
    (264, 69, 130, 1),
    (265, 68, 54, 2),
    (266, 178, 51, 1),
    (267, 184, 219, 2),
    (268, 50, 107, 3),
    (269, 38, 149, 2),
    (270, 194, 284, 2),
    (271, 25, 109, 3),
    (272, 48, 265, 2),
    (273, 120, 205, 1),
    (274, 150, 42, 1),
    (275, 28, 61, 1),
    (276, 126, 244, 2),
    (277, 163, 43, 1),
    (278, 140, 232, 3),
    (279, 128, 254, 3),
    (280, 61, 280, 2),
    (281, 162, 53, 3),
    (282, 82, 3, 3),
    (283, 175, 32, 3),
    (284, 44, 67, 1),
    (285, 94, 98, 1),
    (286, 172, 204, 1),
    (287, 110, 203, 1),
    (288, 96, 159, 2),
    (289, 159, 172, 1),
    (290, 3, 40, 2),
    (291, 80, 212, 1),
    (292, 177, 102, 2),
    (293, 78, 255, 1),
    (294, 154, 82, 2),
    (295, 74, 31, 3),
    (296, 81, 177, 1),
    (297, 113, 83, 2),
    (298, 100, 216, 2),
    (299, 139, 85, 2),
    (300, 62, 271, 1),
    (301, 168, 22, 3),
    (302, 176, 275, 3),
    (303, 31, 277, 1),
    (304, 95, 92, 3),
    (305, 56, 229, 2),
    (306, 98, 181, 3),
    (307, 35, 153, 1),
    (308, 182, 8, 3),
    (309, 149, 281, 3),
    (310, 70, 168, 1),
    (311, 138, 174, 1),
    (312, 20, 65, 1),
    (313, 90, 137, 3),
    (314, 174, 158, 2),
    (315, 147, 167, 3),
    (316, 148, 249, 1),
    (317, 185, 233, 1),
    (318, 142, 21, 3),
    (319, 22, 7, 1),
    (320, 79, 117, 1),
    (321, 160, 194, 3),
    (322, 199, 262, 3),
    (323, 108, 36, 3),
    (324, 122, 140, 2),
    (325, 88, 142, 3),
    (326, 76, 55, 3),
    (327, 118, 63, 2),
    (328, 132, 127, 2),
    (329, 84, 41, 1),
    (330, 24, 155, 3),
    (331, 55, 218, 3),
    (332, 134, 231, 1),
    (333, 6, 297, 2),
    (334, 197, 157, 2),
    (335, 49, 46, 1),
    (336, 145, 292, 3),
    (337, 167, 251, 3),
    (338, 187, 191, 2),
    (339, 14, 71, 3),
    (340, 33, 225, 1),
    (341, 117, 4, 2),
    (342, 12, 49, 3),
    (343, 103, 25, 3),
    (344, 41, 283, 2),
    (345, 54, 274, 1),
    (346, 170, 121, 3),
    (347, 119, 220, 1),
    (348, 43, 141, 3),
    (349, 102, 124, 1),
    (350, 188, 60, 1),
    (351, 57, 260, 2),
    (352, 164, 241, 1),
    (353, 133, 12, 2),
    (354, 101, 28, 1),
    (355, 63, 261, 3),
    (356, 36, 199, 3),
    (357, 143, 129, 3),
    (358, 107, 99, 3),
    (359, 114, 252, 2),
    (360, 66, 80, 3),
    (361, 157, 266, 1),
    (362, 112, 144, 2),
    (363, 180, 294, 2),
    (364, 200, 26, 2),
    (365, 19, 105, 2),
    (366, 137, 188, 3),
    (367, 16, 224, 3),
    (368, 23, 34, 2),
    (369, 142, 79, 3),
    (370, 39, 175, 1),
    (371, 194, 9, 1),
    (372, 189, 290, 1),
    (373, 145, 123, 1),
    (374, 34, 246, 1),
    (375, 44, 112, 2),
    (376, 71, 299, 2),
    (377, 106, 285, 2),
    (378, 137, 15, 3),
    (379, 195, 197, 2),
    (380, 5, 136, 3),
    (381, 17, 48, 2),
    (382, 70, 77, 1),
    (383, 174, 115, 3),
    (384, 146, 37, 1),
    (385, 32, 125, 1),
    (386, 114, 75, 2),
    (387, 197, 196, 1),
    (388, 46, 185, 3),
    (389, 36, 106, 1),
    (390, 72, 156, 1),
    (391, 153, 267, 2),
    (392, 83, 208, 1),
    (393, 105, 74, 3),
    (394, 121, 180, 1),
    (395, 15, 291, 3),
    (396, 97, 139, 2),
    (397, 57, 256, 2),
    (398, 193, 59, 3),
    (399, 10, 35, 1),
    (400, 143, 221, 3),
    (401, 62, 169, 3),
    (402, 175, 253, 1),
    (403, 99, 114, 1),
    (404, 125, 211, 2),
    (405, 183, 259, 3),
    (406, 18, 235, 3),
    (407, 1, 52, 2),
    (408, 151, 165, 1),
    (409, 11, 293, 3),
    (410, 98, 214, 1),
    (411, 117, 242, 2),
    (412, 2, 243, 2),
    (413, 192, 11, 1),
    (414, 112, 151, 3),
    (415, 94, 201, 2),
    (416, 160, 19, 1),
    (417, 163, 236, 3),
    (418, 124, 104, 1),
    (419, 136, 298, 1),
    (420, 149, 143, 2),
    (421, 29, 133, 3),
    (422, 51, 87, 3),
    (423, 65, 245, 3),
    (424, 177, 17, 2),
    (425, 104, 276, 2),
    (426, 25, 173, 1),
    (427, 81, 39, 1),
    (428, 93, 69, 3),
    (429, 131, 18, 1),
    (430, 113, 126, 3),
    (431, 24, 183, 2),
    (432, 111, 209, 3),
    (433, 176, 62, 1),
    (434, 148, 190, 1),
    (435, 187, 148, 1),
    (436, 87, 84, 2),
    (437, 55, 113, 1),
    (438, 118, 100, 2),
    (439, 82, 30, 1),
    (440, 56, 95, 3),
    (441, 169, 116, 2),
    (442, 161, 161, 3),
    (443, 41, 239, 1),
    (444, 64, 64, 2),
    (445, 4, 88, 1),
    (446, 191, 226, 3),
    (447, 35, 44, 3),
    (448, 86, 282, 2),
    (449, 68, 227, 3),
    (450, 123, 170, 2),
    (451, 13, 1, 2),
    (452, 147, 111, 3),
    (453, 47, 230, 1),
    (454, 53, 5, 1),
    (455, 101, 200, 3),
    (456, 185, 72, 2),
    (457, 85, 13, 3),
    (458, 19, 163, 3),
    (459, 63, 150, 2),
    (460, 115, 128, 2),
    (461, 23, 70, 2),
    (462, 162, 47, 2),
    (463, 171, 279, 1),
    (464, 130, 182, 1),
    (465, 88, 206, 3),
    (466, 84, 110, 2),
    (467, 165, 16, 3),
    (468, 132, 97, 3),
    (469, 30, 189, 1),
    (470, 158, 152, 1),
    (471, 37, 50, 3),
    (472, 150, 207, 2),
    (473, 184, 133, 1),
    (474, 67, 300, 3),
    (475, 40, 57, 1),
    (476, 89, 290, 1),
    (477, 7, 181, 1),
    (478, 52, 178, 2),
    (479, 134, 164, 1),
    (480, 144, 166, 1),
    (481, 126, 129, 1),
    (482, 48, 236, 1),
    (483, 188, 160, 3),
    (484, 80, 222, 2),
    (485, 108, 73, 1),
    (486, 200, 118, 1),
    (487, 96, 20, 3),
    (488, 167, 2, 2),
    (489, 21, 293, 3),
    (490, 43, 230, 2),
    (491, 179, 39, 1),
    (492, 198, 33, 2),
    (493, 59, 227, 1),
    (494, 159, 27, 3),
    (495, 128, 31, 3),
    (496, 139, 90, 1),
    (497, 122, 161, 1),
    (498, 181, 171, 2),
    (499, 49, 187, 2),
    (500, 155, 204, 1);

SET FOREIGN_KEY_CHECKS=1;